{
    "model_parameters": 43793162,
    "architechture": "resnet50",
    "epochs": 49,
    "batch_size": 64,
    "testset_metrics": {
        "loss": 0.5064415615051985,
        "acc": 86.41954803466797,
        "precision": 0.8493253968253968,
        "recall": 0.878458694083694,
        "cf_matrix": [
            [
                46,
                1,
                2,
                0,
                1,
                0,
                0,
                0,
                0,
                0
            ],
            [
                0,
                50,
                0,
                0,
                0,
                0,
                0,
                0,
                0,
                0
            ],
            [
                1,
                0,
                42,
                0,
                2,
                0,
                0,
                2,
                1,
                2
            ],
            [
                4,
                1,
                0,
                40,
                0,
                0,
                1,
                3,
                1,
                0
            ],
            [
                0,
                0,
                0,
                0,
                38,
                0,
                1,
                1,
                5,
                0
            ],
            [
                0,
                1,
                1,
                1,
                0,
                46,
                0,
                0,
                0,
                1
            ],
            [
                0,
                0,
                0,
                0,
                1,
                0,
                43,
                0,
                0,
                6
            ],
            [
                0,
                0,
                1,
                1,
                1,
                0,
                0,
                45,
                2,
                0
            ],
            [
                0,
                0,
                0,
                2,
                3,
                1,
                0,
                0,
                40,
                4
            ],
            [
                1,
                0,
                3,
                4,
                1,
                0,
                1,
                1,
                1,
                38
            ]
        ]
    }
}